interval,architecture,lambda,train_mae_pm,train_r2_pm,test_mae_pm,test_r2_pm,test_mae_winding,test_r2_winding,test_mae_tooth,test_r2_tooth,test_mae_yoke,test_r2_yoke
0.5,"[128, 64, 32]",0.0,0.050817541316378,0.9999804182097497,0.05859044628222093,0.9999264442812928,0.049806095568612985,0.9999879606179677,0.05046544958507354,0.99998774982604,0.06169246759515104,0.9999834698774175
5.0,"[32, 16]",0.0001,0.1155449479059793,0.9998960434090869,0.14678762343189253,0.9996426770180983,0.2915972232389637,0.9996361724851522,0.18164202199364227,0.999808781450891,0.11293717999891828,0.9998993113676538
10.0,"[32, 16]",0.0001,0.14800570671418636,0.9998695192285981,0.17097041752767322,0.9995711978862941,0.5812648778867666,0.9986984107126509,0.29093590319149004,0.9995398805772325,0.2234616155889358,0.999686323293686
30.0,"[64, 32]",0.01,0.32427649433112143,0.9994875312931458,0.38489760790699656,0.9983792473998033,1.3938747699236058,0.9924974613229973,0.7101823640911807,0.9973593002524458,0.4993994529192128,0.9983770486762988
60.0,"[32, 16]",0.1,0.4693044575091298,0.9987545635415918,0.6607238939414596,0.9955781680700331,2.58436063805519,0.9733416935953422,1.4249926151452683,0.9893404712937446,0.8420588793171093,0.9944742535896539
